year,month,gid_0,country,gid_1,region,CO2,CO,TPM,PM25,TPC,NMHC,OC,CH4,SO2,BC,NOx
2002,1,ESP,Spain,ESP.12_1,Galicia,0.0,0.0,0.0,0.0,0.0,0.0,0.0,0.0,0.0,0.0,0.0
2002,2,ESP,Spain,ESP.12_1,Galicia,22535.052,1202.291,228.75,165.325,125.476,112.97,118.445,47.629,13.854,7.024,29.088
2002,3,ESP,Spain,ESP.12_1,Galicia,34622.885,1515.237,238.283,183.307,106.545,110.338,97.419,54.264,13.718,8.995,67.585
2002,4,ESP,Spain,ESP.12_1,Galicia,80636.228,3897.548,672.776,498.031,335.511,326.068,312.258,148.58,39.561,23.075,133.829
2002,5,ESP,Spain,ESP.12_1,Galicia,1879.408,70.227,9.475,7.992,3.344,3.79,2.921,2.163,0.535,0.412,4.347
2002,6,ESP,Spain,ESP.12_1,Galicia,12595.304,654.583,128.133,94.554,72.256,60.708,68.521,24.677,7.973,3.727,15.997
2002,7,ESP,Spain,ESP.12_1,Galicia,23974.571,1258.371,211.977,148.545,102.092,112.789,94.293,53.219,11.813,7.768,38.098
2002,8,ESP,Spain,ESP.12_1,Galicia,296431.465,14764.266,2646.423,1946.819,1372.896,1285.246,1285.635,567.309,157.847,86.778,456.132
2002,9,ESP,Spain,ESP.12_1,Galicia,157724.952,7731.204,1414.033,1054.951,749.894,666.995,704.934,287.34,86.03,44.687,239.903
2002,10,ESP,Spain,ESP.12_1,Galicia,3512.476,194.549,35.733,25.067,18.891,18.636,17.718,8.193,2.084,1.173,4.596
2002,11,ESP,Spain,ESP.12_1,Galicia,0.0,0.0,0.0,0.0,0.0,0.0,0.0,0.0,0.0,0.0,0.0
2002,12,ESP,Spain,ESP.12_1,Galicia,0.0,0.0,0.0,0.0,0.0,0.0,0.0,0.0,0.0,0.0,0.0
2003,1,ESP,Spain,ESP.12_1,Galicia,2881.854,153.979,30.796,22.572,17.673,14.698,16.798,5.879,1.925,0.875,3.36
2003,2,ESP,Spain,ESP.12_1,Galicia,2516.627,134.465,26.893,19.711,15.433,12.835,14.669,5.134,1.681,0.764,2.934
2003,3,ESP,Spain,ESP.12_1,Galicia,91270.369,4411.894,758.173,560.537,376.163,368.647,349.781,168.722,44.439,26.178,152.264
2003,4,ESP,Spain,ESP.12_1,Galicia,21846.149,1076.63,176.88,127.603,82.961,90.515,76.34,43.341,9.934,6.572,37.758
2003,5,ESP,Spain,ESP.12_1,Galicia,33878.093,1868.169,316.443,216.084,152.904,174.565,141.191,82.441,17.354,11.696,50.871
2003,6,ESP,Spain,ESP.12_1,Galicia,59550.831,3201.891,623.532,452.154,349.355,304.75,330.833,125.646,38.245,18.517,72.667
2003,7,ESP,Spain,ESP.12_1,Galicia,10103.002,568.474,95.648,64.415,45.777,53.853,42.181,25.629,5.173,3.593,14.997
2003,8,ESP,Spain,ESP.12_1,Galicia,242301.2,11872.06,2167.595,1616.755,1147.507,1023.307,1078.41,441.611,131.745,68.674,369.592
2003,9,ESP,Spain,ESP.12_1,Galicia,196459.398,9600.74,1607.707,1172.395,772.815,804.867,714.464,378.268,91.999,57.913,334.628
2003,10,ESP,Spain,ESP.12_1,Galicia,4563.979,186.893,24.695,19.225,8.209,11.767,7.03,6.779,1.28,1.155,10.345
2003,11,ESP,Spain,ESP.12_1,Galicia,440.236,16.45,2.219,1.872,0.783,0.888,0.684,0.507,0.125,0.097,1.018
2003,12,ESP,Spain,ESP.12_1,Galicia,0.0,0.0,0.0,0.0,0.0,0.0,0.0,0.0,0.0,0.0,0.0
2004,1,ESP,Spain,ESP.12_1,Galicia,0.0,0.0,0.0,0.0,0.0,0.0,0.0,0.0,0.0,0.0,0.0
2004,2,ESP,Spain,ESP.12_1,Galicia,56232.256,2596.226,438.749,331.832,214.207,205.769,198.798,94.976,25.932,15.246,99.113
2004,3,ESP,Spain,ESP.12_1,Galicia,11974.015,630.717,113.968,81.582,59.417,57.798,55.638,25.582,6.691,3.769,17.148
2004,4,ESP,Spain,ESP.12_1,Galicia,49186.046,2188.633,355.823,272.823,166.099,164.329,153.039,78.373,20.817,12.889,92.344
2004,5,ESP,Spain,ESP.12_1,Galicia,15416.04,841.361,150.236,105.159,77.171,79.078,72.045,35.603,8.628,5.12,21.582
2004,6,ESP,Spain,ESP.12_1,Galicia,216283.025,11514.62,2263.542,1653.57,1279.675,1090.422,1213.642,444.01,140.122,65.998,262.885
2004,7,ESP,Spain,ESP.12_1,Galicia,265605.375,12179.869,2031.45,1537.789,976.716,954.314,904.137,445.809,119.32,71.776,476.842
2004,8,ESP,Spain,ESP.12_1,Galicia,313908.116,13992.119,2199.911,1671.65,981.603,1042.114,896.752,513.695,125.413,83.717,606.317
2004,9,ESP,Spain,ESP.12_1,Galicia,30006.42,1636.89,301.474,213.298,159.968,155.096,150.156,67.828,17.716,9.805,39.87
2004,10,ESP,Spain,ESP.12_1,Galicia,26472.084,1326.086,249.245,185.205,135.619,117.688,127.968,49.513,15.311,7.617,37.781
2004,11,ESP,Spain,ESP.12_1,Galicia,8844.808,421.933,65.97,47.856,29.017,33.862,26.391,16.887,3.615,2.6,16.458
2004,12,ESP,Spain,ESP.12_1,Galicia,973.227,62.63,7.614,3.844,1.873,6.079,1.412,3.574,0.246,0.461,1.91
2005,1,ESP,Spain,ESP.12_1,Galicia,4603.385,227.855,38.836,28.255,19.05,19.436,17.671,9.001,2.24,1.37,7.6
2005,2,ESP,Spain,ESP.12_1,Galicia,61755.86,2646.922,363.383,274.901,129.96,180.138,113.222,100.146,18.897,16.457,134.424
2005,3,ESP,Spain,ESP.12_1,Galicia,115645.815,5120.759,770.494,581.858,322.445,373.415,290.864,191.658,42.565,31.134,232.392
2005,4,ESP,Spain,ESP.12_1,Galicia,10186.72,459.649,63.309,46.024,22.624,33.465,19.669,18.519,3.19,2.914,21.64
2005,5,ESP,Spain,ESP.12_1,Galicia,7807.878,409.593,59.445,39.361,23.014,35.339,20.31,18.777,2.882,2.688,14.661
2005,6,ESP,Spain,ESP.12_1,Galicia,19521.992,896.805,141.935,105.902,63.732,69.321,58.252,34.071,8.007,5.417,36.801
2005,7,ESP,Spain,ESP.12_1,Galicia,45193.416,2377.09,417.855,296.694,211.465,215.914,197.027,98.065,24.053,14.393,67.575
2005,8,ESP,Spain,ESP.12_1,Galicia,695850.208,31579.912,5150.027,3902.303,2409.353,2428.904,2219.833,1158.326,299.062,187.26,1286.047
2005,9,ESP,Spain,ESP.12_1,Galicia,132649.436,5898.521,905.763,685.438,390.762,434.969,354.648,219.182,50.753,35.619,261.669
2005,10,ESP,Spain,ESP.12_1,Galicia,79766.6,3210.855,440.204,350.138,158.493,198.976,138.649,111.1,23.879,19.43,178.148
2005,11,ESP,Spain,ESP.12_1,Galicia,0.0,0.0,0.0,0.0,0.0,0.0,0.0,0.0,0.0,0.0,0.0
2005,12,ESP,Spain,ESP.12_1,Galicia,20403.109,901.237,148.405,114.649,70.458,67.337,65.127,31.662,8.793,5.259,38.042
2006,1,ESP,Spain,ESP.12_1,Galicia,3134.061,117.109,15.8,13.328,5.577,6.32,4.87,3.606,0.892,0.688,7.25
2006,2,ESP,Spain,ESP.12_1,Galicia,20249.014,835.063,124.137,98.399,51.392,55.108,46.351,28.486,7.08,4.947,42.533
2006,3,ESP,Spain,ESP.12_1,Galicia,2361.02,126.15,25.23,18.493,14.479,12.042,13.762,4.817,1.577,0.717,2.752
2006,4,ESP,Spain,ESP.12_1,Galicia,10624.381,462.462,76.566,59.771,36.644,33.992,33.931,15.85,4.586,2.674,19.9
2006,5,ESP,Spain,ESP.12_1,Galicia,14157.328,624.371,91.212,68.569,36.408,44.915,32.516,23.665,4.926,3.836,29.153
2006,6,ESP,Spain,ESP.12_1,Galicia,30443.32,1680.523,277.464,187.485,129.841,156.138,119.176,75.331,14.879,10.645,47.355
2006,7,ESP,Spain,ESP.12_1,Galicia,111290.43,5634.345,1040.671,765.415,556.249,502.189,523.304,215.742,62.955,32.806,161.19
2006,8,ESP,Spain,ESP.12_1,Galicia,3546581.059,163093.136,27643.648,20972.603,13548.088,12881.306,12582.935,5923.372,1640.214,954.815,6250.449
2006,9,ESP,Spain,ESP.12_1,Galicia,112453.382,5592.165,1012.847,747.887,531.266,487.586,498.414,212.89,60.881,32.673,170.843
2006,10,ESP,Spain,ESP.12_1,Galicia,0.0,0.0,0.0,0.0,0.0,0.0,0.0,0.0,0.0,0.0,0.0
2006,11,ESP,Spain,ESP.12_1,Galicia,0.0,0.0,0.0,0.0,0.0,0.0,0.0,0.0,0.0,0.0,0.0
2006,12,ESP,Spain,ESP.12_1,Galicia,0.0,0.0,0.0,0.0,0.0,0.0,0.0,0.0,0.0,0.0,0.0
2007,1,ESP,Spain,ESP.12_1,Galicia,0.0,0.0,0.0,0.0,0.0,0.0,0.0,0.0,0.0,0.0,0.0
2007,2,ESP,Spain,ESP.12_1,Galicia,0.0,0.0,0.0,0.0,0.0,0.0,0.0,0.0,0.0,0.0,0.0
2007,3,ESP,Spain,ESP.12_1,Galicia,6178.199,264.025,41.403,32.346,18.485,18.627,16.906,9.16,2.409,1.553,12.251
2007,4,ESP,Spain,ESP.12_1,Galicia,7491.606,382.701,72.338,53.308,39.53,34.615,37.314,14.546,4.429,2.208,10.351
2007,5,ESP,Spain,ESP.12_1,Galicia,2282.886,123.016,16.973,10.77,5.95,10.738,5.117,5.909,0.764,0.829,4.419
2007,6,ESP,Spain,ESP.12_1,Galicia,0.0,0.0,0.0,0.0,0.0,0.0,0.0,0.0,0.0,0.0,0.0
2007,7,ESP,Spain,ESP.12_1,Galicia,4555.282,245.922,38.342,25.661,16.613,22.126,15.022,11.154,1.97,1.584,7.771
2007,8,ESP,Spain,ESP.12_1,Galicia,552.213,29.505,5.901,4.325,3.386,2.816,3.219,1.127,0.369,0.168,0.644
2007,9,ESP,Spain,ESP.12_1,Galicia,55634.315,2902.733,510.232,363.868,258.338,261.862,240.751,118.789,29.464,17.526,83.901
2007,10,ESP,Spain,ESP.12_1,Galicia,18809.388,957.014,154.305,108.505,70.43,82.488,64.435,40.289,8.408,5.959,32.374
2007,11,ESP,Spain,ESP.12_1,Galicia,92170.009,4451.852,749.913,551.613,363.411,369.546,336.535,172.411,43.33,26.66,157.427
2007,12,ESP,Spain,ESP.12_1,Galicia,752.53,40.208,8.042,5.894,4.615,3.838,4.386,1.535,0.503,0.228,0.877
2008,1,ESP,Spain,ESP.12_1,Galicia,3347.947,140.618,22.331,17.696,10.162,9.73,9.332,4.711,1.323,0.816,6.636
2008,2,ESP,Spain,ESP.12_1,Galicia,44258.666,2120.697,380.895,286.327,198.537,177.984,186.179,77.743,23.102,12.264,70.51
2008,3,ESP,Spain,ESP.12_1,Galicia,9994.119,403.286,60.871,49.151,25.869,25.882,23.471,13.152,3.557,2.35,20.987
2008,4,ESP,Spain,ESP.12_1,Galicia,8862.174,436.396,78.182,57.862,40.567,37.581,37.997,16.558,4.683,2.554,13.801
2008,5,ESP,Spain,ESP.12_1,Galicia,2181.709,135.077,18.464,10.509,6.249,13.069,5.299,7.216,0.753,0.95,3.893
2008,6,ESP,Spain,ESP.12_1,Galicia,28298.516,1465.79,201.488,131.524,70.438,123.442,60.601,68.151,9.255,9.769,56.212
2008,7,ESP,Spain,ESP.12_1,Galicia,8191.284,419.417,62.295,42.343,25.149,35.603,22.423,18.586,3.136,2.707,15.282
2008,8,ESP,Spain,ESP.12_1,Galicia,7259.441,362.325,64.04,46.869,32.719,31.473,30.56,14.094,3.779,2.146,11.36
2008,9,ESP,Spain,ESP.12_1,Galicia,0.0,0.0,0.0,0.0,0.0,0.0,0.0,0.0,0.0,0.0,0.0
2008,10,ESP,Spain,ESP.12_1,Galicia,0.0,0.0,0.0,0.0,0.0,0.0,0.0,0.0,0.0,0.0,0.0
2008,11,ESP,Spain,ESP.12_1,Galicia,2980.719,140.759,25.351,19.223,13.265,11.651,12.45,5.056,1.549,0.808,4.796
2008,12,ESP,Spain,ESP.12_1,Galicia,0.0,0.0,0.0,0.0,0.0,0.0,0.0,0.0,0.0,0.0,0.0
2009,1,ESP,Spain,ESP.12_1,Galicia,0.0,0.0,0.0,0.0,0.0,0.0,0.0,0.0,0.0,0.0,0.0
2009,2,ESP,Spain,ESP.12_1,Galicia,8191.295,411.388,71.844,52.216,36.206,35.817,33.735,16.245,4.193,2.457,12.945
2009,3,ESP,Spain,ESP.12_1,Galicia,79595.95,3793.132,652.099,486.165,324.027,312.467,301.46,142.589,38.468,22.376,134.316
2009,4,ESP,Spain,ESP.12_1,Galicia,8874.347,469.372,84.924,60.686,44.324,43.174,41.51,19.1,4.983,2.807,12.623
2009,5,ESP,Spain,ESP.12_1,Galicia,5220.393,259.539,43.308,31.228,20.7,22.099,19.111,10.445,2.453,1.578,8.803
2009,6,ESP,Spain,ESP.12_1,Galicia,8066.511,419.272,65.178,44.635,28.21,36.492,25.525,18.398,3.403,2.671,14.218
2009,7,ESP,Spain,ESP.12_1,Galicia,11997.017,567.376,86.195,62.348,36.36,44.764,32.796,22.871,4.628,3.527,23.041
2009,8,ESP,Spain,ESP.12_1,Galicia,11025.859,469.808,62.462,47.104,20.909,31.425,17.909,17.947,3.162,2.948,24.537
2009,9,ESP,Spain,ESP.12_1,Galicia,56103.169,2768.772,457.091,329.96,215.689,233.407,198.694,111.29,25.754,16.874,96.341
2009,10,ESP,Spain,ESP.12_1,Galicia,5835.378,228.897,33.231,27.234,13.323,13.85,11.955,7.315,1.92,1.337,12.723
2009,11,ESP,Spain,ESP.12_1,Galicia,0.0,0.0,0.0,0.0,0.0,0.0,0.0,0.0,0.0,0.0,0.0
2009,12,ESP,Spain,ESP.12_1,Galicia,0.0,0.0,0.0,0.0,0.0,0.0,0.0,0.0,0.0,0.0,0.0
2010,1,ESP,Spain,ESP.12_1,Galicia,14849.971,554.892,74.866,63.152,26.423,29.947,23.076,17.087,4.228,3.259,34.35
2010,2,ESP,Spain,ESP.12_1,Galicia,1093.768,40.87,5.514,4.651,1.946,2.206,1.7,1.259,0.311,0.24,2.53
2010,3,ESP,Spain,ESP.12_1,Galicia,17114.162,688.106,100.659,81.066,40.734,43.46,36.593,22.798,5.759,4.056,36.752
2010,4,ESP,Spain,ESP.12_1,Galicia,27977.208,1517.756,262.765,182.516,130.436,140.809,121.063,65.128,14.767,9.356,41.39
2010,5,ESP,Spain,ESP.12_1,Galicia,10127.279,536.326,80.934,54.115,33.416,47.1,29.92,24.321,4.066,3.479,18.172
2010,6,ESP,Spain,ESP.12_1,Galicia,16468.775,861.725,131.198,88.741,54.991,75.051,49.413,38.474,6.691,5.548,29.532
2010,7,ESP,Spain,ESP.12_1,Galicia,16652.535,822.633,139.49,101.449,68.018,69.936,63.031,32.536,8.02,4.953,27.707
2010,8,ESP,Spain,ESP.12_1,Galicia,214038.276,9868.638,1623.603,1220.758,767.097,774.727,707.789,367.157,94.177,58.662,388.028
2010,9,ESP,Spain,ESP.12_1,Galicia,154646.083,6539.489,1005.624,788.199,437.081,452.046,397.803,226.417,58.001,38.617,313.112
2010,10,ESP,Spain,ESP.12_1,Galicia,0.0,0.0,0.0,0.0,0.0,0.0,0.0,0.0,0.0,0.0,0.0
2010,11,ESP,Spain,ESP.12_1,Galicia,0.0,0.0,0.0,0.0,0.0,0.0,0.0,0.0,0.0,0.0,0.0
2010,12,ESP,Spain,ESP.12_1,Galicia,0.0,0.0,0.0,0.0,0.0,0.0,0.0,0.0,0.0,0.0,0.0
2011,1,ESP,Spain,ESP.12_1,Galicia,5408.448,296.019,55.949,39.857,30.453,28.323,28.702,12.086,3.344,1.751,6.818
2011,2,ESP,Spain,ESP.12_1,Galicia,11839.031,558.916,84.183,60.807,35.046,43.909,31.524,22.596,4.49,3.484,22.933
2011,3,ESP,Spain,ESP.12_1,Galicia,20099.722,1008.906,187.493,138.749,100.884,89.399,95.021,38.085,11.425,5.836,29.122
2011,4,ESP,Spain,ESP.12_1,Galicia,25727.766,1384.493,250.579,177.488,130.691,129.16,122.349,57.294,14.612,8.329,35.832
2011,5,ESP,Spain,ESP.12_1,Galicia,5876.222,234.469,32.606,26.185,12.082,14.39,10.646,7.931,1.801,1.405,13.059
2011,6,ESP,Spain,ESP.12_1,Galicia,36610.407,1965.662,366.169,262.095,196.707,184.522,185.052,79.571,21.813,11.641,48.681
2011,7,ESP,Spain,ESP.12_1,Galicia,29993.777,1536.191,280.684,204.571,148.288,137.888,139.218,60.043,16.783,9.035,43.591
2011,8,ESP,Spain,ESP.12_1,Galicia,27995.862,1382.27,243.872,179.459,124.444,118.801,116.23,53.185,14.436,8.162,44.369
2011,9,ESP,Spain,ESP.12_1,Galicia,42490.852,2007.915,301.839,217.75,125.26,157.826,112.595,81.357,16.064,12.532,82.398
2011,10,ESP,Spain,ESP.12_1,Galicia,824707.254,36806.25,5760.761,4369.017,2553.869,2741.696,2330.117,1357.493,327.051,220.77,1597.894
2011,11,ESP,Spain,ESP.12_1,Galicia,0.0,0.0,0.0,0.0,0.0,0.0,0.0,0.0,0.0,0.0,0.0
2011,12,ESP,Spain,ESP.12_1,Galicia,0.0,0.0,0.0,0.0,0.0,0.0,0.0,0.0,0.0,0.0,0.0
2012,1,ESP,Spain,ESP.12_1,Galicia,5360.799,220.392,29.096,22.572,9.647,13.957,8.254,8.044,1.502,1.365,12.139
2012,2,ESP,Spain,ESP.12_1,Galicia,51674.213,2616.662,454.199,327.997,227.196,229.136,211.389,104.677,26.299,15.725,81.673
2012,3,ESP,Spain,ESP.12_1,Galicia,95571.792,4630.111,843.881,632.952,446.271,394.574,419.402,170.138,51.456,26.688,147.798
2012,4,ESP,Spain,ESP.12_1,Galicia,0.0,0.0,0.0,0.0,0.0,0.0,0.0,0.0,0.0,0.0,0.0
2012,5,ESP,Spain,ESP.12_1,Galicia,6197.876,331.155,66.231,48.544,38.008,31.61,36.126,12.644,4.139,1.882,7.225
2012,6,ESP,Spain,ESP.12_1,Galicia,10697.661,618.059,102.135,67.266,47.696,59.436,43.727,28.768,5.377,3.969,15.86
2012,7,ESP,Spain,ESP.12_1,Galicia,9374.398,535.151,91.193,61.241,44.284,51.406,40.906,24.245,4.957,3.378,13.427
2012,8,ESP,Spain,ESP.12_1,Galicia,15058.161,683.401,118.338,90.941,59.509,53.541,55.528,24.011,7.167,3.937,26.209
2012,9,ESP,Spain,ESP.12_1,Galicia,59264.196,2550.29,350.291,264.187,125.33,174.536,109.183,96.974,18.175,15.88,128.745
2012,10,ESP,Spain,ESP.12_1,Galicia,0.0,0.0,0.0,0.0,0.0,0.0,0.0,0.0,0.0,0.0,0.0
2012,11,ESP,Spain,ESP.12_1,Galicia,870.107,46.49,9.298,6.815,5.336,4.438,5.072,1.775,0.581,0.264,1.014
2012,12,ESP,Spain,ESP.12_1,Galicia,0.0,0.0,0.0,0.0,0.0,0.0,0.0,0.0,0.0,0.0,0.0
2013,1,ESP,Spain,ESP.12_1,Galicia,0.0,0.0,0.0,0.0,0.0,0.0,0.0,0.0,0.0,0.0,0.0
2013,2,ESP,Spain,ESP.12_1,Galicia,0.0,0.0,0.0,0.0,0.0,0.0,0.0,0.0,0.0,0.0,0.0
2013,3,ESP,Spain,ESP.12_1,Galicia,0.0,0.0,0.0,0.0,0.0,0.0,0.0,0.0,0.0,0.0,0.0
2013,4,ESP,Spain,ESP.12_1,Galicia,10168.93,559.54,100.776,70.452,52.219,53.047,48.817,23.725,5.808,3.4,13.893
2013,5,ESP,Spain,ESP.12_1,Galicia,7903.553,428.777,82.758,59.598,45.968,40.99,43.468,17.093,5.032,2.5,9.687
2013,6,ESP,Spain,ESP.12_1,Galicia,13719.674,775.138,135.579,92.496,67.919,74.388,63.1,34.277,7.562,4.819,19.063
2013,7,ESP,Spain,ESP.12_1,Galicia,14960.269,825.533,129.107,85.337,56.089,75.658,50.726,38.096,6.584,5.349,24.972
2013,8,ESP,Spain,ESP.12_1,Galicia,118690.12,5948.764,1097.774,811.436,586.616,525.309,551.931,225.364,66.62,34.52,174.075
2013,9,ESP,Spain,ESP.12_1,Galicia,170061.172,8573.267,1571.054,1155.494,833.307,759.481,783.032,328.626,94.689,50.046,250.413
2013,10,ESP,Spain,ESP.12_1,Galicia,2857.559,152.681,30.536,22.382,17.524,14.574,16.656,5.83,1.909,0.868,3.331
2013,11,ESP,Spain,ESP.12_1,Galicia,1377.388,73.594,14.719,10.788,8.447,7.025,8.028,2.81,0.92,0.418,1.606
2013,12,ESP,Spain,ESP.12_1,Galicia,1345.904,71.912,14.382,10.542,8.254,6.864,7.845,2.746,0.899,0.409,1.569
2014,1,ESP,Spain,ESP.12_1,Galicia,0.0,0.0,0.0,0.0,0.0,0.0,0.0,0.0,0.0,0.0,0.0
2014,2,ESP,Spain,ESP.12_1,Galicia,0.0,0.0,0.0,0.0,0.0,0.0,0.0,0.0,0.0,0.0,0.0
2014,3,ESP,Spain,ESP.12_1,Galicia,15589.427,839.41,164.897,119.807,93.112,80.187,88.279,32.769,10.166,4.833,18.644
2014,4,ESP,Spain,ESP.12_1,Galicia,6686.905,360.19,59.155,40.463,27.542,32.772,25.267,15.845,3.191,2.269,10.722
2014,5,ESP,Spain,ESP.12_1,Galicia,12713.947,702.98,122.322,84.251,61.0,66.285,56.645,30.598,6.851,4.35,18.273
2014,6,ESP,Spain,ESP.12_1,Galicia,8094.686,490.003,71.43,42.96,27.487,47.317,24.137,25.104,3.219,3.35,13.629
2014,7,ESP,Spain,ESP.12_1,Galicia,4798.407,271.829,47.228,32.092,23.474,26.093,21.778,12.097,2.617,1.697,6.72
2014,8,ESP,Spain,ESP.12_1,Galicia,5497.023,299.428,57.243,41.022,31.506,28.636,29.749,12.069,3.454,1.758,6.825
2014,9,ESP,Spain,ESP.12_1,Galicia,3569.291,219.804,30.516,17.613,10.679,21.256,9.144,11.628,1.277,1.535,6.282
2014,10,ESP,Spain,ESP.12_1,Galicia,1522.165,81.33,16.266,11.922,9.334,7.763,8.872,3.105,1.017,0.462,1.774
2014,11,ESP,Spain,ESP.12_1,Galicia,0.0,0.0,0.0,0.0,0.0,0.0,0.0,0.0,0.0,0.0,0.0
2014,12,ESP,Spain,ESP.12_1,Galicia,0.0,0.0,0.0,0.0,0.0,0.0,0.0,0.0,0.0,0.0,0.0
2015,1,ESP,Spain,ESP.12_1,Galicia,1937.853,103.54,20.708,15.178,11.884,9.883,11.295,3.953,1.294,0.588,2.259
2015,2,ESP,Spain,ESP.12_1,Galicia,475.049,17.751,2.395,2.02,0.845,0.958,0.738,0.547,0.135,0.104,1.099
2015,3,ESP,Spain,ESP.12_1,Galicia,4839.664,232.412,42.52,32.074,22.586,19.659,21.244,8.424,2.608,1.332,7.511
2015,4,ESP,Spain,ESP.12_1,Galicia,14545.867,796.987,150.251,106.893,81.574,76.263,76.851,32.632,8.962,4.723,18.4
2015,5,ESP,Spain,ESP.12_1,Galicia,13902.145,717.957,122.065,86.603,59.517,63.614,55.109,29.709,6.9,4.388,22.161
2015,6,ESP,Spain,ESP.12_1,Galicia,17350.34,932.5,178.877,129.147,98.84,88.34,93.4,36.994,10.866,5.438,21.824
2015,7,ESP,Spain,ESP.12_1,Galicia,45195.44,2431.675,462.525,332.895,253.524,230.001,239.263,97.176,27.928,14.251,57.685
2015,8,ESP,Spain,ESP.12_1,Galicia,32816.506,1497.953,250.167,189.97,120.518,116.809,111.612,54.453,14.739,8.805,59.032
2015,9,ESP,Spain,ESP.12_1,Galicia,27806.647,1435.043,277.212,204.497,154.514,131.789,146.282,54.247,17.148,8.212,36.536
2015,10,ESP,Spain,ESP.12_1,Galicia,0.0,0.0,0.0,0.0,0.0,0.0,0.0,0.0,0.0,0.0,0.0
2015,11,ESP,Spain,ESP.12_1,Galicia,0.0,0.0,0.0,0.0,0.0,0.0,0.0,0.0,0.0,0.0,0.0
2015,12,ESP,Spain,ESP.12_1,Galicia,8795.724,328.666,44.344,37.405,15.651,17.738,13.668,10.121,2.504,1.93,20.346
2016,1,ESP,Spain,ESP.12_1,Galicia,0.0,0.0,0.0,0.0,0.0,0.0,0.0,0.0,0.0,0.0,0.0
2016,2,ESP,Spain,ESP.12_1,Galicia,0.0,0.0,0.0,0.0,0.0,0.0,0.0,0.0,0.0,0.0,0.0
2016,3,ESP,Spain,ESP.12_1,Galicia,862.448,34.633,4.89,3.917,1.862,2.158,1.65,1.172,0.272,0.207,1.895
2016,4,ESP,Spain,ESP.12_1,Galicia,0.0,0.0,0.0,0.0,0.0,0.0,0.0,0.0,0.0,0.0,0.0
2016,5,ESP,Spain,ESP.12_1,Galicia,8724.23,486.919,87.782,60.945,45.495,46.675,42.524,20.902,5.036,2.971,11.685
2016,6,ESP,Spain,ESP.12_1,Galicia,5141.424,254.463,46.483,34.49,24.604,22.145,23.119,9.574,2.815,1.477,7.756
2016,7,ESP,Spain,ESP.12_1,Galicia,11775.96,600.713,114.906,85.015,63.507,54.461,60.054,22.589,7.092,3.441,15.98
2016,8,ESP,Spain,ESP.12_1,Galicia,221095.376,11426.845,2169.663,1591.672,1189.932,1045.339,1123.698,438.427,132.676,66.057,298.803
2016,9,ESP,Spain,ESP.12_1,Galicia,128766.306,6540.469,1237.599,914.884,677.203,588.839,639.434,246.817,75.974,37.633,178.857
2016,10,ESP,Spain,ESP.12_1,Galicia,9200.071,472.386,91.574,67.785,51.221,43.241,48.522,17.707,5.687,2.693,12.095
2016,11,ESP,Spain,ESP.12_1,Galicia,2810.171,150.149,30.03,22.01,17.233,14.332,16.38,5.733,1.877,0.853,3.276
2016,12,ESP,Spain,ESP.12_1,Galicia,1849.872,109.854,16.881,10.573,7.101,10.59,6.368,5.419,0.816,0.733,2.96
2017,1,ESP,Spain,ESP.12_1,Galicia,2225.322,96.219,15.074,11.681,6.712,6.891,6.134,3.397,0.871,0.569,4.388
2017,2,ESP,Spain,ESP.12_1,Galicia,1796.823,85.406,14.745,11.022,7.364,7.026,6.857,3.191,0.873,0.502,3.024
2017,3,ESP,Spain,ESP.12_1,Galicia,10698.747,506.951,82.754,61.045,38.619,40.893,35.533,19.6,4.71,3.058,19.173
2017,4,ESP,Spain,ESP.12_1,Galicia,70483.728,3757.335,662.914,467.885,336.563,345.441,313.692,156.686,38.066,22.816,103.311
2017,5,ESP,Spain,ESP.12_1,Galicia,1152.944,58.179,10.58,7.761,5.568,5.147,5.225,2.245,0.634,0.341,1.715
2017,6,ESP,Spain,ESP.12_1,Galicia,9407.971,467.096,82.208,60.267,41.821,40.326,39.036,18.116,4.847,2.767,14.879
2017,7,ESP,Spain,ESP.12_1,Galicia,8291.356,382.362,63.274,47.639,30.114,30.075,27.822,14.173,3.686,2.267,14.943
2017,8,ESP,Spain,ESP.12_1,Galicia,88876.102,4119.388,681.342,511.316,323.927,325.778,299.188,153.716,39.578,24.478,159.679
2017,9,ESP,Spain,ESP.12_1,Galicia,20977.549,832.913,115.368,92.951,42.46,50.637,37.361,28.023,6.373,4.988,46.815
2017,10,ESP,Spain,ESP.12_1,Galicia,498855.631,22561.08,3620.685,2738.799,1659.162,1719.989,1522.917,832.761,208.108,134.57,937.877
2017,11,ESP,Spain,ESP.12_1,Galicia,0.0,0.0,0.0,0.0,0.0,0.0,0.0,0.0,0.0,0.0,0.0
2017,12,ESP,Spain,ESP.12_1,Galicia,175.96,9.494,1.856,1.345,1.043,0.907,0.988,0.373,0.114,0.055,0.212
2018,1,ESP,Spain,ESP.12_1,Galicia,0.0,0.0,0.0,0.0,0.0,0.0,0.0,0.0,0.0,0.0,0.0
2018,2,ESP,Spain,ESP.12_1,Galicia,0.0,0.0,0.0,0.0,0.0,0.0,0.0,0.0,0.0,0.0,0.0
2018,3,ESP,Spain,ESP.12_1,Galicia,0.0,0.0,0.0,0.0,0.0,0.0,0.0,0.0,0.0,0.0,0.0
2018,4,ESP,Spain,ESP.12_1,Galicia,2245.426,122.492,23.335,16.692,12.8,11.716,12.079,4.957,1.404,0.721,2.801
2018,5,ESP,Spain,ESP.12_1,Galicia,5191.012,268.842,49.641,36.084,26.489,24.438,24.905,10.554,2.977,1.579,7.328
2018,6,ESP,Spain,ESP.12_1,Galicia,432.062,21.335,3.429,2.454,1.562,1.786,1.43,0.872,0.189,0.132,0.764
2018,7,ESP,Spain,ESP.12_1,Galicia,227.934,13.288,2.145,1.391,0.97,1.279,0.884,0.631,0.11,0.086,0.347
2018,8,ESP,Spain,ESP.12_1,Galicia,9481.96,375.414,51.051,41.097,18.131,22.581,15.819,12.718,2.782,2.261,21.407
2018,9,ESP,Spain,ESP.12_1,Galicia,10015.217,495.595,87.772,64.579,44.969,42.732,42.028,19.066,5.205,2.923,15.76
2018,10,ESP,Spain,ESP.12_1,Galicia,24826.65,1218.268,215.777,159.5,110.624,104.214,103.414,46.417,12.84,7.163,39.377
2018,11,ESP,Spain,ESP.12_1,Galicia,350.979,20.193,3.373,2.237,1.597,1.941,1.469,0.931,0.18,0.129,0.514
2018,12,ESP,Spain,ESP.12_1,Galicia,746.615,28.766,3.854,3.165,1.333,1.642,1.157,0.94,0.212,0.172,1.716
2019,1,ESP,Spain,ESP.12_1,Galicia,10101.883,488.453,85.47,63.491,43.283,41.043,40.388,18.451,5.074,2.873,16.488
2019,2,ESP,Spain,ESP.12_1,Galicia,7764.274,373.177,64.455,47.877,32.18,31.051,29.958,14.126,3.801,2.204,12.939
2019,3,ESP,Spain,ESP.12_1,Galicia,29145.648,1318.077,216.426,164.627,102.17,101.176,94.295,47.899,12.652,7.78,53.645
2019,4,ESP,Spain,ESP.12_1,Galicia,261.167,11.997,1.787,1.312,0.733,0.912,0.658,0.473,0.096,0.074,0.519
2019,5,ESP,Spain,ESP.12_1,Galicia,2148.984,107.315,19.005,13.913,9.731,9.332,9.092,4.171,1.123,0.635,3.352
2019,6,ESP,Spain,ESP.12_1,Galicia,0.0,0.0,0.0,0.0,0.0,0.0,0.0,0.0,0.0,0.0,0.0
2019,7,ESP,Spain,ESP.12_1,Galicia,179.867,6.889,0.924,0.763,0.321,0.389,0.279,0.223,0.051,0.041,0.414
2019,8,ESP,Spain,ESP.12_1,Galicia,1846.714,99.62,19.485,14.127,10.959,9.518,10.384,3.909,1.197,0.575,2.222
2019,9,ESP,Spain,ESP.12_1,Galicia,73712.797,3191.776,469.023,357.879,189.47,224.621,169.749,117.663,25.74,19.411,152.513
2019,10,ESP,Spain,ESP.12_1,Galicia,90.039,3.469,0.465,0.382,0.161,0.198,0.14,0.113,0.026,0.021,0.207
2019,11,ESP,Spain,ESP.12_1,Galicia,0.0,0.0,0.0,0.0,0.0,0.0,0.0,0.0,0.0,0.0,0.0
2019,12,ESP,Spain,ESP.12_1,Galicia,0.0,0.0,0.0,0.0,0.0,0.0,0.0,0.0,0.0,0.0,0.0
2020,1,ESP,Spain,ESP.12_1,Galicia,0.0,0.0,0.0,0.0,0.0,0.0,0.0,0.0,0.0,0.0,0.0
2020,2,ESP,Spain,ESP.12_1,Galicia,9438.844,387.77,56.691,44.921,22.856,25.31,20.502,13.296,3.199,2.309,20.086
2020,3,ESP,Spain,ESP.12_1,Galicia,655.045,29.217,4.742,3.629,2.208,2.199,2.033,1.051,0.277,0.172,1.23
2020,4,ESP,Spain,ESP.12_1,Galicia,0.0,0.0,0.0,0.0,0.0,0.0,0.0,0.0,0.0,0.0,0.0
2020,5,ESP,Spain,ESP.12_1,Galicia,3241.012,146.064,23.595,17.917,10.91,11.112,10.032,5.343,1.365,0.867,6.071
2020,6,ESP,Spain,ESP.12_1,Galicia,169.05,7.081,1.07,0.841,0.454,0.48,0.411,0.245,0.061,0.042,0.348
2020,7,ESP,Spain,ESP.12_1,Galicia,74295.263,3210.338,459.481,348.94,177.494,223.57,157.46,119.896,24.684,19.713,156.76
2020,8,ESP,Spain,ESP.12_1,Galicia,11618.37,552.073,92.15,68.276,44.219,44.952,40.889,21.104,5.327,3.299,20.302
2020,9,ESP,Spain,ESP.12_1,Galicia,111267.077,4424.417,599.735,480.822,211.486,267.789,184.154,151.222,32.496,26.737,251.255
2020,10,ESP,Spain,ESP.12_1,Galicia,0.0,0.0,0.0,0.0,0.0,0.0,0.0,0.0,0.0,0.0,0.0
2020,11,ESP,Spain,ESP.12_1,Galicia,376.542,18.352,3.244,2.405,1.66,1.559,1.551,0.695,0.193,0.108,0.603
2020,12,ESP,Spain,ESP.12_1,Galicia,0.0,0.0,0.0,0.0,0.0,0.0,0.0,0.0,0.0,0.0,0.0
2021,1,ESP,Spain,ESP.12_1,Galicia,957.981,48.139,8.75,6.432,4.604,4.242,4.32,1.85,0.525,0.282,1.432
2021,2,ESP,Spain,ESP.12_1,Galicia,0.0,0.0,0.0,0.0,0.0,0.0,0.0,0.0,0.0,0.0,0.0
2021,3,ESP,Spain,ESP.12_1,Galicia,5376.634,249.651,42.204,31.813,20.603,19.911,19.119,9.197,2.489,1.469,9.433
2021,4,ESP,Spain,ESP.12_1,Galicia,2927.245,149.029,27.51,20.172,14.691,13.346,13.818,5.744,1.66,0.87,4.217
2021,5,ESP,Spain,ESP.12_1,Galicia,2053.694,99.733,16.23,11.781,7.529,8.243,6.916,3.974,0.911,0.608,3.626
2021,6,ESP,Spain,ESP.12_1,Galicia,11544.946,623.242,118.338,84.988,64.745,59.075,61.082,25.022,7.129,3.66,14.714
2021,7,ESP,Spain,ESP.12_1,Galicia,1626.213,81.239,13.424,9.623,6.336,6.93,5.836,3.306,0.753,0.497,2.762
2021,8,ESP,Spain,ESP.12_1,Galicia,18538.507,972.265,176.975,127.261,92.997,88.957,87.203,39.064,10.461,5.779,26.377
2021,9,ESP,Spain,ESP.12_1,Galicia,35404.598,1691.95,284.242,210.252,137.411,138.837,127.219,64.834,16.469,10.103,61.166
2021,10,ESP,Spain,ESP.12_1,Galicia,0.0,0.0,0.0,0.0,0.0,0.0,0.0,0.0,0.0,0.0,0.0
2021,11,ESP,Spain,ESP.12_1,Galicia,234.614,11.435,2.021,1.499,1.034,0.971,0.967,0.433,0.12,0.067,0.375
2021,12,ESP,Spain,ESP.12_1,Galicia,176.638,6.806,0.912,0.749,0.315,0.388,0.274,0.222,0.05,0.041,0.406
2022,1,ESP,Spain,ESP.12_1,Galicia,11323.888,539.964,92.995,69.34,46.302,44.532,43.092,20.287,5.491,3.183,19.06
2022,2,ESP,Spain,ESP.12_1,Galicia,2590.839,138.372,26.556,19.233,14.685,13.045,13.88,5.452,1.617,0.805,3.286
2022,3,ESP,Spain,ESP.12_1,Galicia,1081.271,55.764,10.718,7.898,5.947,5.111,5.626,2.115,0.661,0.32,1.435
2022,4,ESP,Spain,ESP.12_1,Galicia,8289.467,349.574,50.051,38.721,19.407,23.548,17.246,12.622,2.731,2.124,17.68
2022,5,ESP,Spain,ESP.12_1,Galicia,6137.592,332.445,57.718,40.165,28.748,30.827,26.698,14.22,3.253,2.045,9.057
2022,6,ESP,Spain,ESP.12_1,Galicia,1331.552,59.435,8.489,6.287,3.253,4.313,2.878,2.317,0.446,0.37,2.771
2022,7,ESP,Spain,ESP.12_1,Galicia,1512693.323,74665.16,13455.695,9961.817,7024.478,6455.46,6585.762,2828.546,808.403,436.115,2331.569
2022,8,ESP,Spain,ESP.12_1,Galicia,193329.173,8373.626,1307.361,1011.17,579.295,600.428,528.887,297.026,75.273,49.643,381.855
2022,9,ESP,Spain,ESP.12_1,Galicia,778.672,30.452,4.065,3.296,1.393,1.783,1.205,1.023,0.22,0.184,1.784
2022,10,ESP,Spain,ESP.12_1,Galicia,0.0,0.0,0.0,0.0,0.0,0.0,0.0,0.0,0.0,0.0,0.0
2022,11,ESP,Spain,ESP.12_1,Galicia,0.0,0.0,0.0,0.0,0.0,0.0,0.0,0.0,0.0,0.0,0.0
2022,12,ESP,Spain,ESP.12_1,Galicia,0.0,0.0,0.0,0.0,0.0,0.0,0.0,0.0,0.0,0.0,0.0
2023,1,ESP,Spain,ESP.12_1,Galicia,993.312,45.921,7.728,5.835,3.754,3.64,3.481,1.688,0.455,0.27,1.757
2023,2,ESP,Spain,ESP.12_1,Galicia,9414.812,464.932,83.227,61.487,43.14,40.136,40.398,17.709,4.976,2.726,14.636
2023,3,ESP,Spain,ESP.12_1,Galicia,2653.641,136.222,25.598,18.787,13.906,12.352,13.113,5.229,1.559,0.79,3.68
2023,4,ESP,Spain,ESP.12_1,Galicia,890.176,47.73,9.469,6.913,5.394,4.558,5.122,1.841,0.588,0.273,1.05
2023,5,ESP,Spain,ESP.12_1,Galicia,1437.019,61.623,8.864,6.778,3.458,4.254,3.075,2.271,0.481,0.376,3.032
2023,6,ESP,Spain,ESP.12_1,Galicia,771.575,36.443,5.85,4.304,2.671,2.916,2.448,1.419,0.329,0.221,1.409
2023,7,ESP,Spain,ESP.12_1,Galicia,1506.01,67.579,10.158,7.597,4.238,5.007,3.819,2.574,0.556,0.413,3.007
2023,8,ESP,Spain,ESP.12_1,Galicia,7549.618,416.651,70.35,47.959,33.859,38.925,31.242,18.434,3.847,2.613,11.38
2023,9,ESP,Spain,ESP.12_1,Galicia,0.0,0.0,0.0,0.0,0.0,0.0,0.0,0.0,0.0,0.0,0.0
2023,10,ESP,Spain,ESP.12_1,Galicia,14498.135,573.645,78.779,63.558,28.534,34.577,25.015,19.295,4.331,3.441,32.558
2023,11,ESP,Spain,ESP.12_1,Galicia,0.0,0.0,0.0,0.0,0.0,0.0,0.0,0.0,0.0,0.0,0.0
2023,12,ESP,Spain,ESP.12_1,Galicia,0.0,0.0,0.0,0.0,0.0,0.0,0.0,0.0,0.0,0.0,0.0
